AD,Andorra,ad.svg
AE,United Arab Emirates,ae.svg
AF,Afghanistan,af.svg
AG,Antigua and Barbuda,ag.svg
AI,Anguilla,ai.svg
AL,Albania,al.svg
AM,Armenia,am.svg
AO,Angola,ao.svg
AQ,Antarctica,aq.svg
AR,Argentina,ar.svg
AS,American Samoa,as.svg
AT,Austria,at.svg
AU,Australia,au.svg
AW,Aruba,aw.svg
AX,Åland Islands,ax.svg
AZ,Azerbaijan,az.svg
BA,Bosnia and Herzegovina,ba.svg
BB,Barbados,bb.svg
BD,Bangladesh,bd.svg
BE,Belgium,be.svg
BF,Burkina Faso,bf.svg
BG,Bulgaria,bg.svg
BH,Bahrain,bh.svg
BI,Burundi,bi.svg
BJ,Benin,bj.svg
BL,Saint Barthélemy,bl.svg
BM,Bermuda,bm.svg
BN,Brunei Darussalam,bn.svg
BO,Bolivia Plurinational State of,bo.svg
BQ,Bonaire Sint Eustatius and Saba,bq.svg
BR,Brazil,br.svg
BS,Bahamas,bs.svg
BT,Bhutan,bt.svg
BV,Bouvet Island,bv.svg
BW,Botswana,bw.svg
BY,Belarus,by.svg
BZ,Belize,bz.svg
CA,Canada,ca.svg
CC,Cocos (Keeling) Islands,cc.svg
CD,Congo  the Democratic Republic of the,cd.svg
CF,Central African Republic,cf.svg
CG,Congo,cg.svg
CH,Switzerland,ch.svg
CI,Côte d'Ivoire,ci.svg
CK,Cook Islands,ck.svg
CL,Chile,cl.svg
CM,Cameroon,cm.svg
CN,China,cn.svg
CO,Colombia Republic of,co.svg
CR,Costa Rica,cr.svg
CU,Cuba,cu.svg
CV,Cabo Verde,cv.svg
CW,Curaçao,cw.svg
CX,Christmas Island,cx.svg
CY,Cyprus,cy.svg
CZ,Czech Republic,cz.svg
DE,Germany,de.svg
DJ,Djibouti,dj.svg
DK,Denmark,dk.svg
DM,Dominica,dm.svg
DO,Dominican Republic,do.svg
DZ,Algeria,dz.svg
EC,Ecuador,ec.svg
EE,Estonia,ee.svg
EG,Egypt,eg.svg
EH,Western Sahara,eh.svg
ER,Eritrea,er.svg
ES,Spain,es.svg
ET,Ethiopia,et.svg
EU,Europa,eu.svg
FI,Finland,fi.svg
FJ,Fiji,fj.svg
FK,Falkland Islands (Malvinas),fk.svg
FM,Micronesia  Federated States of,fm.svg
FO,Faroe Islands,fo.svg
FR,France,fr.svg
GA,Gabon,ga.svg
GB-ENG,United Kingdom England,gb-eng.svg
GB-SCT,United Kingdom Scotland,gb-sct.svg
GB-WLS,United Kinggom Wales,gb-wls.svg
GB,United Kingdom,gb.svg
GD,Grenada,gd.svg
GE,Georgia,ge.svg
GF,French Guiana,gf.svg
GG,Guernsey,gg.svg
GH,Ghana,gh.svg
GI,Gibraltar,gi.svg
GL,Greenland,gl.svg
GM,Gambia,gm.svg
GN,Guinea,gn.svg
GP,Guadeloupe,gp.svg
GQ,Equatorial Guinea,gq.svg
GR,Greece,gr.svg
GS,South Georgia and the South Sandwich Islands,gs.svg
GT,Guatemala,gt.svg
GU,Guam,gu.svg
GW,Guinea-Bissau,gw.svg
GY,Guyana,gy.svg
HK,Hong Kong,hk.svg
HM,Heard Island and McDonald Islands,hm.svg
HN,Honduras,hn.svg
HR,Croatia,hr.svg
HT,Haiti,ht.svg
HU,Hungary,hu.svg
ID,Indonesia,id.svg
IE,Ireland,ie.svg
IL,Israel,il.svg
IM,Isle of Man,im.svg
IN,India,in.svg
IO,British Indian Ocean Territory,io.svg
IQ,Iraq,iq.svg
IR,Iran  Islamic Republic of,ir.svg
IS,Iceland,is.svg
IT,Italy,it.svg
JE,Jersey,je.svg
JM,Jamaica,jm.svg
JO,Jordan,jo.svg
JP,Japan,jp.svg
KE,Kenya,ke.svg
KG,Kyrgyzstan,kg.svg
KH,Cambodia,kh.svg
KI,Kiribati,ki.svg
KM,Comoros,km.svg
KN,Saint Kitts and Nevis,kn.svg
KP,Korea Democratic People's Republic of,kp.svg
KR,Korea Republic of,kr.svg
KW,Kuwait,kw.svg
KY,Cayman Islands,ky.svg
KZ,Kazakhstan,kz.svg
LA,Lao People's Democratic Republic,la.svg
LB,Lebanon,lb.svg
LC,Saint Lucia,lc.svg
LI,Liechtenstein,li.svg
LK,Sri Lanka,lk.svg
LR,Liberia,lr.svg
LS,Lesotho,ls.svg
LT,Lithuania,lt.svg
LU,Luxembourg,lu.svg
LV,Latvia,lv.svg
LY,Libya,ly.svg
MA,Morocco,ma.svg
MC,Monaco,mc.svg
MD,Moldova  Republic of,md.svg
ME,Montenegro,me.svg
MF,Saint Martin (French part),mf.svg
MG,Madagascar,mg.svg
MH,Marshall Islands,mh.svg
MK,Macedonia  the former Yugoslav Republic of,mk.svg
ML,Mali,ml.svg
MM,Myanmar,mm.svg
MN,Mongolia,mn.svg
MO,Macao,mo.svg
MP,Northern Mariana Islands,mp.svg
MQ,Martinique,mq.svg
MR,Mauritania,mr.svg
MS,Montserrat,ms.svg
MT,Malta,mt.svg
MU,Mauritius,mu.svg
MV,Maldives,mv.svg
MW,Malawi,mw.svg
MX,Mexico,mx.svg
MY,Malaysia,my.svg
MZ,Mozambique,mz.svg
NA,Namibia,na.svg
NC,New Caledonia,nc.svg
NE,Niger,ne.svg
NF,Norfolk Island,nf.svg
NG,Nigeria,ng.svg
NI,Nicaragua,ni.svg
NL,Netherlands,nl.svg
NO,Norway,no.svg
NP,Nepal,np.svg
NR,Nauru,nr.svg
NU,Niue,nu.svg
NZ,New Zealand,nz.svg
OM,Oman,om.svg
PA,Panama,pa.svg
PE,Peru,pe.svg
PF,French Polynesia,pf.svg
PG,Papua New Guinea,pg.svg
PH,Philippines,ph.svg
PK,Pakistan,pk.svg
PL,Poland,pl.svg
PM,Saint Pierre and Miquelon,pm.svg
PN,Pitcairn,pn.svg
PR,Puerto Rico,pr.svg
PS,Palestine  State of,ps.svg
PT,Portugal,pt.svg
PW,Palau,pw.svg
PY,Paraguay,py.svg
QA,Qatar,qa.svg
RE,Réunion,re.svg
RO,Romania,ro.svg
RS,Serbia,rs.svg
RU,Russian Federation,ru.svg
RW,Rwanda,rw.svg
SA,Saudi Arabia,sa.svg
SB,Solomon Islands,sb.svg
SC,Seychelles,sc.svg
SD,Sudan,sd.svg
SE,Sweden,se.svg
SG,Singapore,sg.svg
SH,Saint Helena  Ascension and Tristan da Cunha,sh.svg
SI,Slovenia,si.svg
SJ,Svalbard and Jan Mayen,sj.svg
SK,Slovakia,sk.svg
SL,Sierra Leone,sl.svg
SM,San Marino,sm.svg
SN,Senegal,sn.svg
SO,Somalia,so.svg
SR,Suriname,sr.svg
SS,South Sudan,ss.svg
ST,Sao Tome and Principe,st.svg
SV,El Salvador,sv.svg
SX,Sint Maarten (Dutch part),sx.svg
SY,Syrian Arab Republic,sy.svg
SZ,Swaziland,sz.svg
TC,Turks and Caicos Islands,tc.svg
TD,Chad,td.svg
TF,French Southern Territories,tf.svg
TG,Togo,tg.svg
TH,Thailand,th.svg
TJ,Tajikistan,tj.svg
TK,Tokelau,tk.svg
TL,Timor-Leste,tl.svg
TM,Turkmenistan,tm.svg
TN,Tunisia,tn.svg
TO,Tonga,to.svg
TR,Turkey,tr.svg
TT,Trinidad and Tobago,tt.svg
TV,Tuvalu,tv.svg
TW,Taiwan  Province of China,tw.svg
TZ,Tanzania  United Republic of,tz.svg
UA,Ukraine,ua.svg
UG,Uganda,ug.svg
UM,United States Minor Outlying Islands,um.svg
US,United States of America,us.svg
UY,Uruguay,uy.svg
UZ,Uzbekistan,uz.svg
VA,Holy See,va.svg
VC,Saint Vincent and the Grenadines,vc.svg
VE,Venezuela  Bolivarian Republic of,ve.svg
VG,Virgin Islands  British,vg.svg
VI,Virgin Islands  U.S.,vi.svg
VN,Viet Nam,vn.svg
VU,Vanuatu,vu.svg
WF,Wallis and Futuna,wf.svg
WS,Samoa,ws.svg
YE,Yemen,ye.svg
YT,Mayotte,yt.svg
ZA,South Africa,za.svg
ZM,Zambia,zm.svg
ZW,Zimbabwe,zw.svg
ZZ,Unasigned,zz.svg
